mysqldump -u orbitdbuser -p srihari_db_new contacts --where="id IN (10461, 10460, 10459, 10458, 10457, 10455, 10454, 10453)" > /var/www/srihari.orbiteerp.com/DB/contacts_backup.sql

mysqldump -u orbitdbuser -p srihari_db_new customer_details --where="contact_id IN (10461, 10460, 10459, 10458, 10457, 10455, 10454, 10453)" > /var/www/srihari.orbiteerp.com/DB/customer_details_backup.sql

mysqldump -u orbitdbuser -p srihari_db_new supplier_details --where="contact_id IN (10461, 10460, 10459, 10458, 10457, 10455, 10454, 10453)" > /var/www/srihari.orbiteerp.com/DB/supplier_details_backup.sql





/*!40000 ALTER TABLE `contacts` DISABLE KEYS */;
INSERT INTO `contacts` VALUES 
(16000,43,44,'supplier','Vendor for Goods','business',NULL,'29AAACC1206D2ZB','Srihari Ventures',NULL,NULL,'Mr SrihariEN','Mr','SrihariEN',NULL,NULL,'SrihariEN','2025-04-28',NULL,NULL,NULL,NULL,NULL,'G1003',1003,'active',NULL,'847','Bengaluru','29','INDIA','963 Oak Extension','Ipsam repudiandae et','Officia minima ipsam','560099','5634535353',NULL,NULL,NULL,NULL,NULL,NULL,NULL,NULL,NULL,'Bengaluru','29','INDIA','963 Oak Extension','Ipsam repudiandae et','Officia minima ipsam','560099','5634535353',NULL,NULL,NULL,NULL,NULL,NULL,NULL,NULL,NULL,NULL,NULL,82,0.0000,0,0,0,0,NULL,NULL,0,NULL,NULL,NULL,NULL,NULL,NULL,NULL,NULL,NULL,NULL,NULL,NULL,NULL,NULL,NULL,NULL,NULL,NULL,NULL,NULL,NULL,NULL,'2025-04-28 07:18:52','2025-04-28 07:18:52',0.00),
(16002,43,44,'supplier','Vendor for Goods','business',NULL,'29AAACC1206D2ZB','Srihari Ventures',NULL,NULL,'Mr SrihariEN','Mr','SrihariEN',NULL,NULL,'SrihariEN','2025-04-28',NULL,NULL,NULL,NULL,NULL,'G1003',1003,'active',NULL,'847','Bengaluru','29','INDIA','963 Oak Extension','Ipsam repudiandae et','Officia minima ipsam','560099','5634535353',NULL,NULL,NULL,NULL,NULL,NULL,NULL,NULL,NULL,'Bengaluru','29','INDIA','963 Oak Extension','Ipsam repudiandae et','Officia minima ipsam','560099','5634535353',NULL,NULL,NULL,NULL,NULL,NULL,NULL,NULL,NULL,NULL,NULL,82,0.0000,0,0,0,0,NULL,NULL,0,NULL,NULL,NULL,NULL,NULL,NULL,NULL,NULL,NULL,NULL,NULL,NULL,NULL,NULL,NULL,NULL,NULL,NULL,NULL,NULL,NULL,NULL,'2025-04-28 07:18:52','2025-04-28 07:18:52',0.00),
(16003,45,43,'customer','Wholesale','individual',NULL,'29AAACC1206D2ZB','Srihari Agencies',NULL,NULL,'Mr Srihari Agencies','Mr','Srihari Agencies',NULL,NULL,'Srihari Agencies','2025-04-28',NULL,NULL,NULL,NULL,NULL,'W3',NULL,'active',NULL,'847','Bengaluru','29','INDIA','35 New Road','35 New Road',NULL,'560098','3453354545',NULL,NULL,NULL,NULL,NULL,NULL,NULL,NULL,NULL,'Bengaluru','29','INDIA','35 New Road','35 New Road',NULL,'560098','3453354545',NULL,NULL,NULL,NULL,NULL,NULL,NULL,NULL,NULL,NULL,NULL,82,0.0000,0,0,0,0,NULL,NULL,0,NULL,NULL,NULL,NULL,NULL,NULL,NULL,NULL,NULL,NULL,NULL,NULL,NULL,NULL,NULL,NULL,NULL,NULL,NULL,NULL,NULL,NULL,'2025-04-28 12:46:41','2025-04-28 12:46:41',0.00),
(16004,46,43,'customer','Wholesale','individual',NULL,'29AAACC1206D2ZB','Srihari Enterprises',NULL,NULL,'Mr Srihari Enterprises','Mr','Srihari Enterprises',NULL,NULL,'Srihari Enterprises','2025-04-28',NULL,NULL,NULL,NULL,NULL,'W4',NULL,'active',NULL,'847','Bengaluru','29','INDIA','963 Oak Extension','Ipsam repudiandae et','Officia minima ipsam','560099','5634535353',NULL,NULL,NULL,NULL,NULL,NULL,NULL,NULL,NULL,'Bengaluru','29','INDIA','963 Oak Extension','Ipsam repudiandae et','Officia minima ipsam','560099','5634535353',NULL,NULL,NULL,NULL,NULL,NULL,NULL,NULL,NULL,NULL,NULL,82,0.0000,0,0,0,0,NULL,NULL,0,NULL,NULL,NULL,NULL,NULL,NULL,NULL,NULL,NULL,NULL,NULL,NULL,NULL,NULL,NULL,NULL,NULL,NULL,NULL,NULL,NULL,NULL,'2025-04-28 12:48:52','2025-04-28 12:48:52',0.00),
(16005,44,43,'supplier','Vendor for Goods','business',NULL,'29AAACC1206D2ZB','Srihari Ventures',NULL,NULL,'Mr Srihari Ventures','Mr','Srihari Ventures',NULL,NULL,'Srihari Ventures','2025-05-10',NULL,NULL,NULL,NULL,NULL,'G1004',1004,'active',NULL,'847','Bengaluru','29','INDIA','71 West Cowley Avenue','Consequatur aliqua','Sit a pariatur Id l',NULL,'65464768464',NULL,NULL,NULL,NULL,NULL,NULL,NULL,NULL,NULL,'Anantnag','1','INDIA','71 West Cowley Avenue','Consequatur aliqua','Sit a pariatur Id l',NULL,NULL,NULL,NULL,NULL,NULL,NULL,NULL,NULL,NULL,NULL,NULL,NULL,82,0.0000,0,0,0,0,NULL,NULL,0,NULL,NULL,NULL,NULL,NULL,NULL,NULL,NULL,NULL,NULL,NULL,NULL,NULL,NULL,NULL,NULL,NULL,NULL,NULL,NULL,NULL,NULL,'2025-05-10 13:23:20','2025-05-10 13:23:20',0.00),
(16006,43,45,'supplier','Vendor for Goods','business',NULL,'29AAACC1206D2ZB','Srihari Ventures',NULL,NULL,'Mr Srihari Ventures','Mr','Srihari Ventures',NULL,NULL,'Srihari Ventures',NULL,NULL,NULL,NULL,NULL,NULL,'G1005',1005,'active',NULL,'847','Bengaluru','29','INDIA','857 Clarendon Street','Quisquam est sed ius',NULL,NULL,'54654658',NULL,NULL,NULL,NULL,NULL,NULL,NULL,NULL,NULL,'Bengaluru','29','INDIA','857 Clarendon Street','Quisquam est sed ius',NULL,NULL,'54654658',NULL,NULL,NULL,NULL,NULL,NULL,NULL,NULL,NULL,NULL,NULL,82,0.0000,0,0,0,0,NULL,NULL,0,NULL,NULL,NULL,NULL,NULL,NULL,NULL,NULL,NULL,NULL,NULL,NULL,NULL,NULL,NULL,NULL,NULL,NULL,NULL,NULL,NULL,NULL,'2025-05-10 13:38:35','2025-05-10 13:38:35',0.00),
(16007,43,46,'supplier','Vendor for Goods','business',NULL,'29AAACC1206D2ZB','Srihari Ventures',NULL,NULL,'Mr Srihari Ventures','Mr','Srihari Ventures',NULL,NULL,'Srihari Ventures',NULL,NULL,NULL,NULL,NULL,NULL,'G1006',1006,'active',NULL,'847','Bengaluru','29','INDIA','69 West Nobel Freeway','Quia exercitationem','In blanditiis aspern',NULL,'984759852985',NULL,NULL,NULL,NULL,NULL,NULL,NULL,NULL,NULL,'Bengaluru','29','INDIA','69 West Nobel Freeway','Quia exercitationem','In blanditiis aspern',NULL,NULL,NULL,NULL,NULL,NULL,NULL,NULL,NULL,NULL,NULL,NULL,NULL,82,0.0000,0,0,0,0,NULL,NULL,0,NULL,NULL,NULL,NULL,NULL,NULL,NULL,NULL,NULL,NULL,NULL,NULL,NULL,NULL,NULL,NULL,NULL,NULL,NULL,NULL,NULL,NULL,'2025-05-10 13:41:56','2025-05-10 13:41:56',0.00),
(16008,44,43,'customer','Wholesale','individual',NULL,'29AAACC1206D2ZB','SRIHARI MOTOSPORT',NULL,NULL,'Mr SRIHARI MOTOSPORT','Mr','SRIHARI MOTOSPORT',NULL,NULL,'SRIHARI MOTOSPORT','2025-04-28',NULL,NULL,NULL,NULL,NULL,'W3',NULL,'active',NULL,'847','Bengaluru','29','INDIA','35 New Road','35 New Road',NULL,'560098','3453354545',NULL,NULL,NULL,NULL,NULL,NULL,NULL,NULL,NULL,'Bengaluru','29','INDIA','35 New Road','35 New Road',NULL,'560098','3453354545',NULL,NULL,NULL,NULL,NULL,NULL,NULL,NULL,NULL,NULL,NULL,82,0.0000,0,0,0,0,NULL,NULL,0,NULL,NULL,NULL,NULL,NULL,NULL,NULL,NULL,NULL,NULL,NULL,NULL,NULL,NULL,NULL,NULL,NULL,NULL,NULL,NULL,NULL,NULL,'2025-04-28 12:46:41','2025-04-28 12:46:41',0.00);


INSERT INTO `customer_details` VALUES 
(NULL,16003,'On WSP',NULL,NULL,NULL,NULL,NULL,NULL,NULL,NULL,NULL,NULL,NULL,NULL,NULL,'CGST + SGST',NULL,NULL,NULL,NULL,NULL,'B2B-Loacl','2122','2119','2142',NULL,NULL,NULL,NULL,NULL,NULL,NULL,NULL,NULL,NULL,NULL,NULL,NULL,NULL,'B2B-Loacl','Sundery Debtor WS','Sundery Debtor WS',NULL,NULL,NULL,NULL,NULL,NULL,'2025-05-02 21:09:28','2025-05-02 21:09:28',NULL),
(NULL,16008,'On WSP',NULL,NULL,NULL,NULL,NULL,NULL,NULL,NULL,NULL,NULL,NULL,NULL,NULL,'CGST + SGST',NULL,NULL,NULL,NULL,NULL,'B2B-Loacl','2122','2119','2142',NULL,NULL,NULL,NULL,NULL,NULL,NULL,NULL,NULL,NULL,NULL,NULL,NULL,NULL,'B2B-Loacl','Sundery Debtor WS','Sundery Debtor WS',NULL,NULL,NULL,NULL,NULL,NULL,'2025-05-02 21:09:28','2025-05-02 21:09:28',NULL),
(NULL,16004,'On WSP',NULL,NULL,NULL,NULL,NULL,NULL,NULL,NULL,NULL,NULL,NULL,NULL,NULL,'CGST + SGST',NULL,NULL,NULL,NULL,NULL,'B2B-Loacl','2122','2119','2142',NULL,NULL,NULL,NULL,NULL,NULL,NULL,NULL,NULL,NULL,NULL,NULL,NULL,NULL,'B2B-Loacl','Sundery Debtor WS','Sundery Debtor WS',NULL,NULL,NULL,NULL,NULL,NULL,'2025-05-02 21:09:28','2025-05-02 21:09:28',NULL);


INSERT INTO `supplier_details` VALUES 
(NULL,16005,NULL,NULL,NULL,NULL,NULL,NULL,NULL,NULL,NULL,NULL,NULL,NULL,NULL,NULL,NULL,NULL,NULL,NULL,'CGST + SGST','30','Paid','Supplier','2121','2118','2139',NULL,NULL,NULL,NULL,NULL,NULL,NULL,NULL,NULL,NULL,NULL,NULL,NULL,NULL,NULL,NULL,NULL,NULL,NULL,NULL,'No',NULL,NULL,'2025-05-10 13:23:20','2025-05-10 13:23:20',NULL),
(NULL,16006,NULL,NULL,NULL,NULL,NULL,NULL,NULL,NULL,NULL,NULL,NULL,NULL,NULL,NULL,NULL,NULL,NULL,NULL,'CGST + SGST','30',NULL,'Supplier','2121','2118','2139',NULL,NULL,NULL,NULL,NULL,NULL,NULL,NULL,NULL,NULL,NULL,NULL,NULL,NULL,NULL,NULL,NULL,NULL,NULL,NULL,'No',NULL,NULL,'2025-05-10 13:38:35','2025-05-10 13:38:35',NULL),
(NULL,16007,NULL,NULL,NULL,NULL,NULL,NULL,NULL,NULL,NULL,NULL,NULL,NULL,NULL,NULL,NULL,NULL,NULL,NULL,'CGST + SGST','30',NULL,'Supplier','2121','2118','2139',NULL,NULL,NULL,NULL,NULL,NULL,NULL,NULL,NULL,NULL,NULL,NULL,NULL,NULL,NULL,NULL,NULL,NULL,NULL,NULL,'No',NULL,NULL,'2025-05-10 13:41:56','2025-05-10 13:41:56',NULL);

Delete from `inter_company_customers`;

INSERT INTO `inter_company_customers` 
(`id`, `business_id`, `contact_id`, `parent_contact_id`, `child_business_id`, `prefix`, `created_at`, `updated_at`) VALUES
(NULL, 43, 16008, 16005, 44, NULL, '2025-05-03 02:28:33', '2025-05-02 20:58:33'),
(NULL, 43, 16003, 16006, 45, NULL, '2025-05-03 02:28:33', '2025-05-02 20:58:33'),
(NULL, 43, 16004, 16007, 46, NULL, '2025-05-03 02:28:33', '2025-05-02 20:58:33');

INSERT INTO `sales_term_name` (`id`, `name`, `business_id`, `created_at`, `updated_at`, `deleted_at`) VALUES (NULL, '15%', '43', '2025-05-13 01:43:31', '2025-05-13 01:43:31', NULL);

